Input Size, Average Time(ArrayQueue), Average Time(DoublingQueue), Average Time(Linked List), , T1 for incarray , T1 for doubarray, T1 for linkedlist , , T2 for IA , T2 for DA, T2 for LL, , T3 for IA, T3 for DA, T3 for LL
100000, , , ,,  0.004696, 0.002791, 0.006106, ,  0.003801, 0.002417, 0.004218, ,  0.003724, 0.002171, 0.003246, ,  0.003697, 0.002182, 0.003243, ,  0.003668, 0.002157, 0.003212, ,  0.003808, 0.002373, 0.003294, 
200000, , , ,,  0.009965, 0.005220, 0.009398, ,  0.010915, 0.004635, 0.007746, ,  0.011051, 0.004364, 0.006446, ,  0.011328, 0.004923, 0.011102, ,  0.010807, 0.004932, 0.006455, ,  0.012062, 0.005220, 0.010226, 
300000, , , ,,  0.020488, 0.006702, 0.013898, ,  0.021512, 0.006829, 0.010379, ,  0.021928, 0.007571, 0.017167, ,  0.021249, 0.006007, 0.010183, ,  0.024730, 0.006563, 0.017780, ,  0.021330, 0.007127, 0.010032, 
