Input Size, Average Time(ArrayQueue), Average Time(DoublingQueue), Average Time(Linked List), , T1 for incarray , T1 for doubarray, T1 for linkedlist , , T2 for IA , T2 for DA, T2 for LL, , T3 for IA, T3 for DA, T3 for LL
100000, , , ,,  0.004067, 0.002568, 0.005238, ,  0.003653, 0.002525, 0.004098, ,  0.003927, 0.002201, 0.003163, 
200000, , , ,,  0.009930, 0.004522, 0.009467, ,  0.011052, 0.004266, 0.006435, ,  0.010728, 0.005107, 0.009325, 
300000, , , ,,  0.020252, 0.006620, 0.013417, ,  0.021853, 0.006715, 0.010176, ,  0.022787, 0.006926, 0.015131, 
