Input Size, Average Time(ArrayQueue), Average Time(DoublingQueue), Average Time(Linked List), , T1 for incarray , T1 for doubarray, T1 for linkedlist , , T2 for IA , T2 for DA, T2 for LL, , T3 for IA, T3 for DA, T3 for LL
100000, , , ,,  0.004808, 0.003128, 0.006592, ,  0.003819, 0.002286, 0.004730, ,  0.003790, 0.002536, 0.003711, ,  0.004075, 0.002144, 0.003293, ,  0.003854, 0.002629, 0.003239, ,  0.003497, 0.002130, 0.003239, 
200000, , , ,,  0.009955, 0.005297, 0.009494, ,  0.011037, 0.004633, 0.007843, ,  0.011398, 0.004565, 0.006787, ,  0.011814, 0.005026, 0.012179, ,  0.011183, 0.005553, 0.006497, ,  0.012069, 0.005271, 0.010424, 
300000, , , ,,  0.020978, 0.006409, 0.013821, ,  0.023047, 0.006800, 0.009997, ,  0.021627, 0.006888, 0.017761, ,  0.023116, 0.006743, 0.010608, ,  0.027135, 0.006610, 0.018468, ,  0.022113, 0.006594, 0.009936, 
