Input Size, Average Time(ArrayQueue), Average Time(DoublingQueue), Average Time(Linked List), , T1 for incarray , T1 for doubarray, T1 for linkedlist , , T2 for IA , T2 for DA, T2 for LL, , T3 for IA, T3 for DA, T3 for LL
100000, , , ,,  0.004741, 0.003188, 0.006311, ,  0.003881, 0.002415, 0.004225, ,  0.003691, 0.002150, 0.003284, ,  0.003783, 0.002236, 0.003339, ,  0.003604, 0.002223, 0.003344, ,  0.003746, 0.002611, 0.004308, 
200000, , , ,,  0.010182, 0.005347, 0.009612, ,  0.011234, 0.004537, 0.008546, ,  0.011272, 0.004915, 0.006477, ,  0.011481, 0.004815, 0.011297, ,  0.011269, 0.005000, 0.007060, ,  0.013065, 0.008148, 0.013739, 
300000, , , ,,  0.020719, 0.006564, 0.014526, ,  0.022417, 0.006740, 0.011072, ,  0.024297, 0.007660, 0.018091, ,  0.022608, 0.006345, 0.010162, ,  0.026151, 0.006359, 0.018406, ,  0.021754, 0.007024, 0.010243, 
