Input Size, Average Time(ArrayQueue), Average Time(DoublingQueue), Average Time(Linked List), , T1 for incarray , T1 for doubarray, T1 for linkedlist , , T2 for IA , T2 for DA, T2 for LL, , T3 for IA, T3 for DA, T3 for LL
100000, , , ,,  0.004649, 0.003358, 0.006148, ,  0.003733, 0.002382, 0.004178, ,  0.003612, 0.002370, 0.003146, ,  0.003707, 0.002327, 0.003222, ,  0.003521, 0.002162, 0.003230, ,  0.003596, 0.002212, 0.003238, 
200000, , , ,,  0.009816, 0.005178, 0.009772, ,  0.010949, 0.004680, 0.007727, ,  0.011071, 0.004370, 0.006423, ,  0.011395, 0.004930, 0.011644, ,  0.010757, 0.004902, 0.006345, ,  0.011776, 0.005730, 0.010489, 
300000, , , ,,  0.020140, 0.006106, 0.013678, ,  0.021422, 0.006563, 0.009652, ,  0.021733, 0.007187, 0.017279, ,  0.021695, 0.006028, 0.010106, ,  0.024500, 0.006546, 0.017708, ,  0.020858, 0.006310, 0.009604, 
