Input Size, Average Time(ArrayQueue), Average Time(DoublingQueue), Average Time(Linked List), , T1 for incarray , T1 for doubarray, T1 for linkedlist , , T2 for IA , T2 for DA, T2 for LL, , T3 for IA, T3 for DA, T3 for LL
100000, , , ,,  0.004611, 0.002788, 0.006293, ,  0.004111, 0.002289, 0.004219, ,  0.003841, 0.002301, 0.003320, ,  0.003737, 0.002144, 0.003369, ,  0.003970, 0.002290, 0.003309, ,  0.003704, 0.002229, 0.003267, 
200000, , , ,,  0.010060, 0.005714, 0.011320, ,  0.015252, 0.004476, 0.007745, ,  0.011443, 0.004713, 0.006542, ,  0.011638, 0.005069, 0.011252, ,  0.011043, 0.004764, 0.006930, ,  0.011906, 0.005004, 0.010347, 
300000, , , ,,  0.020097, 0.006379, 0.014184, ,  0.021595, 0.006074, 0.009749, ,  0.021488, 0.007023, 0.017549, ,  0.021668, 0.006309, 0.009803, ,  0.024600, 0.006261, 0.017547, ,  0.021195, 0.006630, 0.009791, 
