Input Size, Average Time(ArrayQueue), Average Time(DoublingQueue), Average Time(Linked List), , T1 for incarray , T1 for doubarray, T1 for linkedlist , , T2 for IA , T2 for DA, T2 for LL, , T3 for IA, T3 for DA, T3 for LL
100000, , , ,,  0.004859, 0.002862, 0.006379, ,  0.003833, 0.002570, 0.004189, ,  0.003671, 0.002223, 0.003254, ,  0.003730, 0.002329, 0.003259, ,  0.004406, 0.002574, 0.003273, ,  0.003924, 0.002236, 0.003286, 
200000, , , ,,  0.009751, 0.005502, 0.009682, ,  0.010839, 0.004746, 0.007924, ,  0.011061, 0.004851, 0.006450, ,  0.012894, 0.005487, 0.011542, ,  0.012052, 0.006175, 0.007997, ,  0.012698, 0.005864, 0.010858, 
300000, , , ,,  0.020876, 0.006664, 0.014482, ,  0.022683, 0.007378, 0.009868, ,  0.022143, 0.008687, 0.017631, ,  0.021491, 0.006833, 0.010205, ,  0.027315, 0.007555, 0.018147, ,  0.021972, 0.008916, 0.011223, 
