Input Size, Average Time(ArrayQueue), Average Time(DoublingQueue), Average Time(Linked List), , T1 for incarray , T1 for doubarray, T1 for linkedlist , , T2 for IA , T2 for DA, T2 for LL, , T3 for IA, T3 for DA, T3 for LL
100000, , , ,,  0.004784, 0.003004, 0.006274, ,  0.003985, 0.002207, 0.004157, ,  0.003692, 0.002195, 0.003190, ,  0.003820, 0.002147, 0.003232, ,  0.003808, 0.002279, 0.003210, ,  0.003774, 0.002227, 0.003208, 
200000, , , ,,  0.009809, 0.005696, 0.010012, ,  0.010972, 0.004438, 0.008269, ,  0.011802, 0.004491, 0.006482, ,  0.011481, 0.004805, 0.011239, ,  0.011118, 0.005066, 0.006399, ,  0.011814, 0.005208, 0.010601, 
300000, , , ,,  0.020880, 0.006536, 0.014364, ,  0.021493, 0.006112, 0.010435, ,  0.021912, 0.007081, 0.017135, ,  0.021358, 0.006042, 0.009777, ,  0.024615, 0.006486, 0.017867, ,  0.020951, 0.006720, 0.009772, 
