Input Size, Average Time(ArrayQueue), Average Time(DoublingQueue), Average Time(Linked List), , T1 for incarray , T1 for doubarray, T1 for linkedlist , , T2 for IA , T2 for DA, T2 for LL, , T3 for IA, T3 for DA, T3 for LL
100000, , , ,,  0.004769, 0.002797, 0.006784, ,  0.003733, 0.002180, 0.004164, ,  0.003917, 0.002237, 0.003180, ,  0.003574, 0.002128, 0.003187, ,  0.003517, 0.002203, 0.003182, ,  0.003607, 0.002276, 0.003532, 
200000, , , ,,  0.009968, 0.005189, 0.009433, ,  0.010582, 0.004371, 0.007723, ,  0.011311, 0.004354, 0.006406, ,  0.011033, 0.005039, 0.011219, ,  0.010845, 0.005290, 0.006395, ,  0.011626, 0.005114, 0.011188, 
300000, , , ,,  0.020783, 0.006148, 0.013788, ,  0.021691, 0.006382, 0.009729, ,  0.021760, 0.007401, 0.017278, ,  0.022269, 0.007072, 0.010167, ,  0.024992, 0.006883, 0.018501, ,  0.020856, 0.006483, 0.009776, 
